Workbook

Sheet 使用说明
A1: 2026年足球世界杯竞猜活动 - 使用说明
A3: 📋 工作表说明
A4: 1. 【比赛赛程】- 包含所有比赛信息，管理员填写实际比赛结果
A5: 2. 【参与者填写】- 参与者在此填写每场比赛的预测
A6: 3. 【积分统计】- 自动计算每位参与者的积分
A7: 4. 【排名】- 自动生成参与者积分排名
A9: 🎯 积分规则
A10: • 预测胜负平正确：得 3 分
A11: • 预测准确比分：得 5 分（包含胜负平和比分的双重奖励）
A12: • 预测胜负平错误：得 0 分
A14: 📝 使用步骤
A15: 1. 在【比赛赛程】表中填写所有比赛信息
... A25: • 文件可同时供多人编辑（需使用在线Excel）

Sheet 比赛赛程
A1: 比赛编号 | B1: 比赛阶段 | C1: 比赛日期 | D1: 比赛时间 | E1: 队伍A | F1: 队伍B | G1: 实际结果-队伍A | H1: 实际结果-队伍B | I1: 实际胜负平
A2: 1 | B2: 小组赛A组第1轮 | C2: 2026-06-11 | D2: 20:00 | E2: 墨西哥 | F2: 波兰
A3: 2 | B3: 小组赛A组第1轮 | C3: 2026-06-11 | D3: 23:00 | E3: 阿根廷 | F3: 沙特
A4: 3 | B4: 小组赛B组第1轮 | C4: 2026-06-12 | D4: 20:00 | E4: 美国 | F4: 威尔士
A5: 4 | B5: 小组赛B组第1轮 | C5: 2026-06-12 | D5: 23:00 | E5: 英格兰 | F5: 伊朗
A6: 5 | B6: 小组赛C组第1轮 | C6: 2026-06-13 | D6: 20:00 | E6: 阿根廷 | F6: 墨西哥
A7: 6 | B7: 小组赛C组第1轮 | C7: 2026-06-13 | D7: 23:00 | E7: 波兰 | F7: 沙特

Sheet 参与者填写
A1: 参与者姓名 | B1: 比赛1预测-队伍A | C1: 比赛1预测-队伍B | D1: 比赛1预测-胜负平 | E1: 比赛2预测-队伍A | F1: 比赛2预测-队伍B | G1: 比赛2预测-胜负平 | H1: 比赛3预测-队伍A | I1: 比赛3预测-队伍B | J1: 比赛3预测-胜负平 | K1: 比赛4预测-队伍A | L1: 比赛4预测-队伍B | M1: 比赛4预测-胜负平 | N1: 比赛5预测-队伍A | O1: 比赛5预测-队伍B | P1: 比赛5预测-胜负平 | Q1: 比赛6预测-队伍A | R1: 比赛6预测-队伍B | S1: 比赛6预测-胜负平
A2: 张三 | B2: 2 | C2: 1 | D2: 胜 | E2: 1 | F2: 0 | G2: 胜 | H2: 2 | I2: 1 | J2: 胜 | K2: 3 | L2: 1 | M2: 胜 | N2: 2 | O2: 0 | P2: 胜 | Q2: 1 | R2: 0 | S2: 胜
A3: 李四 | B3: 1 | C3: 1 | D3: 平 | E3: 2 | F3: 1 | G3: 胜 | H3: 1 | I3: 2 | J3: 负 | K3: 2 | L3: 2 | M3: 平 | N3: 1 | O3: 1 | P3: 平 | Q3: 2 | R3: 1 | S3: 胜
A4: 王五 | B4: 0 | C4: 2 | D4: 负 | E4: 1 | F4: 2 | G4: 负 | H4: 3 | I4: 0 | J4: 胜 | K4: 1 | L4: 3 | M4: 负 | N4: 0 | O4: 2 | P4: 负 | Q4: 1 | R4: 1 | S4: 平

Sheet 积分统计
A1: 参与者姓名 | B1: 总积分 | C1: 比赛1积分 | D1: 比赛2积分 | E1: 比赛3积分 | F1: 比赛4积分 | G1: 比赛5积分 | H1: 比赛6积分
B2: =SUM(C2:H2) -> 0 | C2: =IF(参与者填写!D2="","",IF(参与者填写!D2=比赛赛程!I2,3,0)+IF(AND(参与者填写!B2=比赛赛程!G2,参与者填写!C2=比赛赛程!H2),2,0)) -> 0 | D2: =IF(参与者填写!G2="","",IF(参与者填写!G2=比赛赛程!I3,3,0)+IF(AND(参与者填写!E2=比赛赛程!G3,参与者填写!F2=比赛赛程!H3),2,0)) -> 0 | E2: =IF(参与者填写!J2="","",IF(参与者填写!J2=比赛赛程!I4,3,0)+IF(AND(参与者填写!H2=比赛赛程!G4,参与者填写!I2=比赛赛程!H4),2,0)) -> 0 | F2: =IF(参与者填写!M2="","",IF(参与者填写!M2=比赛赛程!I5,3,0)+IF(AND(参与者填写!K2=比赛赛程!G5,参与者填写!L2=比赛赛程!H5),2,0)) -> 0 | G2: =IF(参与者填写!P2="","",IF(参与者填写!P2=比赛赛程!I6,3,0)+IF(AND(参与者填写!N2=比赛赛程!G6,参与者填写!O2=比赛赛程!H6),2,0)) -> 0 | H2: =IF(参与者填写!S2="","",IF(参与者填写!S2=比赛赛程!I7,3,0)+IF(AND(参与者填写!Q2=比赛赛程!G7,参与者填写!R2=比赛赛程!H7),2,0)) -> 0
B3: =SUM(C3:H3) -> 0 | C3: =IF(参与者填写!D3="","",IF(参与者填写!D3=比赛赛程!I2,3,0)+IF(AND(参与者填写!B3=比赛赛程!G2,参与者填写!C3=比赛赛程!H2),2,0)) -> 0 | D3: =IF(参与者填写!G3="","",IF(参与者填写!G3=比赛赛程!I3,3,0)+IF(AND(参与者填写!E3=比赛赛程!G3,参与者填写!F3=比赛赛程!H3),2,0)) -> 0 | E3: =IF(参与者填写!J3="","",IF(参与者填写!J3=比赛赛程!I4,3,0)+IF(AND(参与者填写!H3=比赛赛程!G4,参与者填写!I3=比赛赛程!H4),2,0)) -> 0 | F3: =IF(参与者填写!M3="","",IF(参与者填写!M3=比赛赛程!I5,3,0)+IF(AND(参与者填写!K3=比赛赛程!G5,参与者填写!L3=比赛赛程!H5),2,0)) -> 0 | G3: =IF(参与者填写!P3="","",IF(参与者填写!P3=比赛赛程!I6,3,0)+IF(AND(参与者填写!N3=比赛赛程!G6,参与者填写!O3=比赛赛程!H6),2,0)) -> 0 | H3: =IF(参与者填写!S3="","",IF(参与者填写!S3=比赛赛程!I7,3,0)+IF(AND(参与者填写!Q3=比赛赛程!G7,参与者填写!R3=比赛赛程!H7),2,0)) -> 0
B4: =SUM(C4:H4) -> 0 | C4: =IF(参与者填写!D4="","",IF(参与者填写!D4=比赛赛程!I2,3,0)+IF(AND(参与者填写!B4=比赛赛程!G2,参与者填写!C4=比赛赛程!H2),2,0)) -> 0 | D4: =IF(参与者填写!G4="","",IF(参与者填写!G4=比赛赛程!I3,3,0)+IF(AND(参与者填写!E4=比赛赛程!G3,参与者填写!F4=比赛赛程!H3),2,0)) -> 0 | E4: =IF(参与者填写!J4="","",IF(参与者填写!J4=比赛赛程!I4,3,0)+IF(AND(参与者填写!H4=比赛赛程!G4,参与者填写!I4=比赛赛程!H4),2,0)) -> 0 | F4: =IF(参与者填写!M4="","",IF(参与者填写!M4=比赛赛程!I5,3,0)+IF(AND(参与者填写!K4=比赛赛程!G5,参与者填写!L4=比赛赛程!H5),2,0)) -> 0 | G4: =IF(参与者填写!P4="","",IF(参与者填写!P4=比赛赛程!I6,3,0)+IF(AND(参与者填写!N4=比赛赛程!G6,参与者填写!O4=比赛赛程!H6),2,0)) -> 0 | H4: =IF(参与者填写!S4="","",IF(参与者填写!S4=比赛赛程!I7,3,0)+IF(AND(参与者填写!Q4=比赛赛程!G7,参与者填写!R4=比赛赛程!H7),2,0)) -> 0

Sheet 排名
A1: 排名 | B1: 参与者姓名 | C1: 总积分
A2: 1 | B2: =积分统计!A2 -> 0 | C2: =积分统计!B2 -> 0
A3: 2 | B3: =积分统计!A3 -> 0 | C3: =积分统计!B3 -> 0
A4: 3 | B4: =积分统计!A4 -> 0 | C4: =积分统计!B4 -> 0
